[{"days": [{"expense": 0, "day": 1}, {"expense": 0, "day": 2}, {"expense": 0, "day": 3}, {"expense": 0, "day": 4}, {"expense": 0, "day": 5}, {"expense": 0, "day": 6}, {"expense": 0, "day": 7}, {"expense": 0, "day": 8}, {"expense": 0, "day": 9}, {"expense": 0, "day": 10}, {"expense": 0, "day": 11}, {"expense": 0, "day": 12}, {"expense": 0, "day": 13}, {"expense": 0, "day": 14}, {"expense": 0, "day": 15}, {"expense": 0, "day": 16}, {"expense": 0, "day": 17}, {"expense": 0, "day": 18}, {"expense": 0, "day": 19}, {"expense": 0, "day": 20}, {"expense": 0, "day": 21}, {"expense": 0, "day": 22}, {"expense": 0, "day": 23}, {"expense": 0, "day": 24}, {"expense": 0, "day": 25}, {"expense": 0, "day": 26}, {"expense": 0, "day": 27}, {"expense": 0, "day": 28}, {"expense": 0, "day": 29}, {"expense": 0, "day": 30}, {"expense": 0, "day": 31}], "month": 1}, {"days": [{"expense": 0, "day": 1}, {"expense": 0, "day": 2}, {"expense": 0, "day": 3}, {"expense": 0, "day": 4}, {"expense": 0, "day": 5}, {"expense": 0, "day": 6}, {"expense": 0, "day": 7}, {"expense": 0, "day": 8}, {"expense": 0, "day": 9}, {"expense": 0, "day": 10}, {"expense": 0, "day": 11}, {"expense": 0, "day": 12}, {"expense": 0, "day": 13}, {"expense": 0, "day": 14}, {"expense": 0, "day": 15}, {"expense": 0, "day": 16}, {"expense": 0, "day": 17}, {"expense": 0, "day": 18}, {"expense": 0, "day": 19}, {"expense": 0, "day": 20}, {"expense": 0, "day": 21}, {"expense": 0, "day": 22}, {"expense": 0, "day": 23}, {"expense": 0, "day": 24}, {"expense": 0, "day": 25}, {"expense": 0, "day": 26}, {"expense": 0, "day": 27}, {"expense": 0, "day": 28}], "month": 2}, {"days": [{"expense": 0, "day": 1}, {"expense": 0, "day": 2}, {"expense": 0, "day": 3}, {"expense": 0, "day": 4}, {"expense": 0, "day": 5}, {"expense": 0, "day": 6}, {"expense": 0, "day": 7}, {"expense": 0, "day": 8}, {"expense": 0, "day": 9}, {"expense": 0, "day": 10}, {"expense": 0, "day": 11}, {"expense": 0, "day": 12}, {"expense": 0, "day": 13}, {"expense": 0, "day": 14}, {"expense": 0, "day": 15}, {"expense": 0, "day": 16}, {"expense": 0, "day": 17}, {"expense": 0, "day": 18}, {"expense": 0, "day": 19}, {"expense": 0, "day": 20}, {"expense": 0, "day": 21}, {"expense": 0, "day": 22}, {"expense": 0, "day": 23}, {"expense": 0, "day": 24}, {"expense": 0, "day": 25}, {"expense": 0, "day": 26}, {"expense": 0, "day": 27}, {"expense": 0, "day": 28}, {"expense": 0, "day": 29}, {"expense": 0, "day": 30}, {"expense": 0, "day": 31}], "month": 3}, {"days": [{"expense": 0, "day": 1}, {"expense": 0, "day": 2}, {"expense": 0, "day": 3}, {"expense": 0, "day": 4}, {"expense": 0, "day": 5}, {"expense": 0, "day": 6}, {"expense": 0, "day": 7}, {"expense": 0, "day": 8}, {"expense": 0, "day": 9}, {"expense": 0, "day": 10}, {"expense": 0, "day": 11}, {"expense": 0, "day": 12}, {"expense": 0, "day": 13}, {"expense": 0, "day": 14}, {"expense": 0, "day": 15}, {"expense": 0, "day": 16}, {"expense": 0, "day": 17}, {"expense": 0, "day": 18}, {"expense": 0, "day": 19}, {"expense": 0, "day": 20}, {"expense": 0, "day": 21}, {"expense": 0, "day": 22}, {"expense": 0, "day": 23}, {"expense": 0, "day": 24}, {"expense": 0, "day": 25}, {"expense": 0, "day": 26}, {"expense": 0, "day": 27}, {"expense": 0, "day": 28}, {"expense": 0, "day": 29}, {"expense": 0, "day": 30}], "month": 4}, {"days": [{"expense": 0, "day": 1}, {"expense": 0, "day": 2}, {"expense": 0, "day": 3}, {"expense": 0, "day": 4}, {"expense": 0, "day": 5}, {"expense": 0, "day": 6}, {"expense": 0, "day": 7}, {"expense": 0, "day": 8}, {"expense": 0, "day": 9}, {"expense": 0, "day": 10}, {"expense": 0, "day": 11}, {"expense": 0, "day": 12}, {"expense": 0, "day": 13}, {"expense": 0, "day": 14}, {"expense": 0, "day": 15}, {"expense": 0, "day": 16}, {"expense": 0, "day": 17}, {"expense": 0, "day": 18}, {"expense": 0, "day": 19}, {"expense": 0, "day": 20}, {"expense": 0, "day": 21}, {"expense": 0, "day": 22}, {"expense": 0, "day": 23}, {"expense": 0, "day": 24}, {"expense": 0, "day": 25}, {"expense": 0, "day": 26}, {"expense": 0, "day": 27}, {"expense": 0, "day": 28}, {"expense": 0, "day": 29}, {"expense": 0, "day": 30}, {"expense": 0, "day": 31}], "month": 5}, {"days": [{"expense": 0, "day": 1}, {"expense": 0, "day": 2}, {"expense": 0, "day": 3}, {"expense": 0, "day": 4}, {"expense": 0, "day": 5}, {"expense": 0, "day": 6}, {"expense": 0, "day": 7}, {"expense": 0, "day": 8}, {"expense": 0, "day": 9}, {"expense": 0, "day": 10}, {"expense": 0, "day": 11}, {"expense": 0, "day": 12}, {"expense": 0, "day": 13}, {"expense": 0, "day": 14}, {"expense": 0, "day": 15}, {"expense": 0, "day": 16}, {"expense": 0, "day": 17}, {"expense": 0, "day": 18}, {"expense": 0, "day": 19}, {"expense": 0, "day": 20}, {"expense": 0, "day": 21}, {"expense": 0, "day": 22}, {"expense": 0, "day": 23}, {"expense": 0, "day": 24}, {"expense": 0, "day": 25}, {"expense": 0, "day": 26}, {"expense": 0, "day": 27}, {"expense": 0, "day": 28}, {"expense": 0, "day": 29}, {"expense": 0, "day": 30}], "month": 6}, {"days": [{"expense": 0, "day": 1}, {"expense": 0, "day": 2}, {"expense": 0, "day": 3}, {"expense": 0, "day": 4}, {"expense": 0, "day": 5}, {"expense": 0, "day": 6}, {"expense": 0, "day": 7}, {"expense": 0, "day": 8}, {"expense": 0, "day": 9}, {"expense": 0, "day": 10}, {"expense": 0, "day": 11}, {"expense": 0, "day": 12}, {"expense": 0, "day": 13}, {"expense": 0, "day": 14}, {"expense": 0, "day": 15}, {"expense": 0, "day": 16}, {"expense": 0, "day": 17}, {"expense": 0, "day": 18}, {"expense": 0, "day": 19}, {"expense": 0, "day": 20}, {"expense": 0, "day": 21}, {"expense": 0, "day": 22}, {"expense": 0, "day": 23}, {"expense": 0, "day": 24}, {"expense": 0, "day": 25}, {"expense": 0, "day": 26}, {"expense": 0, "day": 27}, {"expense": 0, "day": 28}, {"expense": 0, "day": 29}, {"expense": 0, "day": 30}, {"expense": 0, "day": 31}], "month": 7}, {"days": [{"expense": 0, "day": 1}, {"expense": 0, "day": 2}, {"expense": 0, "day": 3}, {"expense": 0, "day": 4}, {"expense": 0, "day": 5}, {"expense": 0, "day": 6}, {"expense": 0, "day": 7}, {"expense": 0, "day": 8}, {"expense": 0, "day": 9}, {"expense": 0, "day": 10}, {"expense": 0, "day": 11}, {"expense": 0, "day": 12}, {"expense": 0, "day": 13}, {"expense": 0, "day": 14}, {"expense": 0, "day": 15}, {"expense": 0, "day": 16}, {"expense": 0, "day": 17}, {"expense": 0, "day": 18}, {"expense": 0, "day": 19}, {"expense": 0, "day": 20}, {"expense": 0, "day": 21}, {"expense": 0, "day": 22}, {"expense": 0, "day": 23}, {"expense": 0, "day": 24}, {"expense": 0, "day": 25}, {"expense": 0, "day": 26}, {"expense": 0, "day": 27}, {"expense": 0, "day": 28}, {"expense": 0, "day": 29}, {"expense": 0, "day": 30}, {"expense": 0, "day": 31}], "month": 8}, {"days": [{"expense": 0, "day": 1}, {"expense": 0, "day": 2}, {"expense": 0, "day": 3}, {"expense": 0, "day": 4}, {"expense": 0, "day": 5}, {"expense": 0, "day": 6}, {"expense": 0, "day": 7}, {"expense": 0, "day": 8}, {"expense": 0, "day": 9}, {"expense": 0, "day": 10}, {"expense": 0, "day": 11}, {"expense": 0, "day": 12}, {"expense": 0, "day": 13}, {"expense": 0, "day": 14}, {"expense": 0, "day": 15}, {"expense": 0, "day": 16}, {"expense": 0, "day": 17}, {"expense": 0, "day": 18}, {"expense": 0, "day": 19}, {"expense": 0, "day": 20}, {"expense": 0, "day": 21}, {"expense": 0, "day": 22}, {"expense": 0, "day": 23}, {"expense": 0, "day": 24}, {"expense": 0, "day": 25}, {"expense": 0, "day": 26}, {"expense": 0, "day": 27}, {"expense": 0, "day": 28}, {"expense": 0, "day": 29}, {"expense": 0, "day": 30}], "month": 9}, {"days": [{"expense": 0, "day": 1}, {"expense": 0, "day": 2}, {"expense": 0, "day": 3}, {"expense": 0, "day": 4}, {"expense": 0, "day": 5}, {"expense": 0, "day": 6}, {"expense": 0, "day": 7}, {"expense": 0, "day": 8}, {"expense": 0, "day": 9}, {"expense": 0, "day": 10}, {"expense": 0, "day": 11}, {"expense": 0, "day": 12}, {"expense": 0, "day": 13}, {"expense": 0, "day": 14}, {"expense": 0, "day": 15}, {"expense": 0, "day": 16}, {"expense": 0, "day": 17}, {"expense": 0, "day": 18}, {"expense": 0, "day": 19}, {"expense": 0, "day": 20}, {"expense": 0, "day": 21}, {"expense": 0, "day": 22}, {"expense": 0, "day": 23}, {"expense": 0, "day": 24}, {"expense": 0, "day": 25}, {"expense": 0, "day": 26}, {"expense": 0, "day": 27}, {"expense": 0, "day": 28}, {"expense": 0, "day": 29}, {"expense": 0, "day": 30}, {"expense": 0, "day": 31}], "month": 10}, {"days": [{"expense": 0, "day": 1}, {"expense": 0, "day": 2}, {"expense": 0, "day": 3}, {"expense": 0, "day": 4}, {"expense": 0, "day": 5}, {"expense": 0, "day": 6}, {"expense": 0, "day": 7}, {"expense": 0, "day": 8}, {"expense": 0, "day": 9}, {"expense": 0, "day": 10}, {"expense": 0, "day": 11}, {"expense": 0, "day": 12}, {"expense": 0, "day": 13}, {"expense": 0, "day": 14}, {"expense": 0, "day": 15}, {"expense": 0, "day": 16}, {"expense": 0, "day": 17}, {"expense": 0, "day": 18}, {"expense": 0, "day": 19}, {"expense": 0, "day": 20}, {"expense": 0, "day": 21}, {"expense": 0, "day": 22}, {"expense": 0, "day": 23}, {"expense": 0, "day": 24}, {"expense": 0, "day": 25}, {"expense": 0, "day": 26}, {"expense": 0, "day": 27}, {"expense": 0, "day": 28}, {"expense": 0, "day": 29}, {"expense": 0, "day": 30}], "month": 11}, {"days": [{"expense": 0, "day": 1}, {"expense": 0, "day": 2}, {"expense": 0, "day": 3}, {"expense": 0, "day": 4}, {"expense": 0, "day": 5}, {"expense": 0, "day": 6}, {"expense": 0, "day": 7}, {"expense": 0, "day": 8}, {"expense": 0, "day": 9}, {"expense": 0, "day": 10}, {"expense": 0, "day": 11}, {"expense": 0, "day": 12}, {"expense": 0, "day": 13}, {"expense": 0, "day": 14}, {"expense": 0, "day": 15}, {"expense": 0, "day": 16}, {"expense": 0, "day": 17}, {"expense": 0, "day": 18}, {"expense": 0, "day": 19}, {"expense": 0, "day": 20}, {"expense": 0, "day": 21}, {"expense": 0, "day": 22}, {"expense": 0, "day": 23}, {"expense": 0, "day": 24}, {"expense": 0, "day": 25}, {"expense": 0, "day": 26}, {"expense": 0, "day": 27}, {"expense": 0, "day": 28}, {"expense": 0, "day": 29}, {"expense": 0, "day": 30}, {"expense": 0, "day": 31}], "month": 12}]